Country,Year,food_CPI,temp,gov,FertilizerValue,production_indices,ER,GDP,FDI
Australia,2000,63.54398275,0.085,NA,76.19,114.13,1.724826667,41994.25374,27634.07497
Australia,2001,67.54750992,0.281,0.38,80.01,112,1.9334425,43143.29524,16609.77343
Australia,2002,70.23788017,0.664,0.5,74.91,111.99,1.8405625,43956.72187,27951.00787
Australia,2003,72.75209517,0.77,0.48,73.39,90.11,1.541914167,45294.60779,10092.66116
Australia,2004,74.55368242,0.649,0.48,74.38,107.54,1.3597525,46193.1704,53568.73486
Australia,2005,76.20313567,1.12,0.42,65.96,104.99,1.309473333,46885.48115,-35056.03988
Australia,2006,81.84010192,0.629,0.64,67,107.15,1.327973441,47952.66347,31492.29061
Australia,2007,84.234211,0.842,0.6,69.63,87.63,1.1950725,48804.85721,42722.11329
Australia,2008,87.8533995,0.541,0.7,61.54,89.2,1.192178333,48752.47288,45921.04097
Australia,2009,91.40052442,0.949,0.54,48.82,94.43,1.28218881,48887.67999,33198.60769
Australia,2010,92.77773808,0.605,0.5,61.35,92.77,1.090159486,49250.75194,30663.59999
Australia,2011,97.25368125,0.14,0.45,54.52,98.37,0.969463201,50407.14206,42899.0734
Australia,2012,95.84443983,0.239,0.4,55.67,103.36,0.965801031,50873.82492,43274.04564
Australia,2013,96.5490605,1.429,0.36,58.74,101.89,1.035843097,51336.36505,43611.39552
Australia,2014,98.92715567,1.124,0.3,64.54,103.28,1.109363293,51666.83228,48441.1647
Australia,2015,99.96807267,1.02,0.27,64.14,100.41,1.331090262,52321.00354,29580.2688
Australia,2016,100.6646864,1.105,0.25,72.25,96.31,1.345213976,52703.44083,47192.57458
Australia,2017,101.5534693,1.072,0.26,72.38,105.44,1.304758077,53364.81165,42806.87531
Australia,2018,102.3942103,1.059,0.3,69.43,95.79,1.338412146,53679.81051,62184.57151
Australia,2019,104.748284,1.36,0.32,68.06,86.14,1.438506544,52702.74993,37328.24649
Australia,2020,108.1833104,1.353,0.25,83.99,78.51,1.453085118,53159.80638,13442.97722
Australia,2021,109.4644391,0.551,0.22,97.37,98.27,1.33122426,54892.35507,19365.78511
Australia,2022,116.5907174,0.678,0.25,86.6,104.45,1.441664459,55994.73976,52281.00322
Australia,2023,124.2214402,0.877,0.35,NA,113.87,1.505191066,56325.32634,24150.51929
Australia,2024,128.1128684,1.446,NA,NA,NA,NA,NA,NA
Brazil,2000,31.64372583,0.533,NA,114.33,66.08,1.829423122,6745.848219,54078.79459
Brazil,2001,33.76491917,0.795,0.38,117.12,68.46,2.349631709,6749.871289,47819.12012
Brazil,2002,37.04002233,1.071,0.33,129.24,72.02,2.920363018,6868.690086,41624.93946
Brazil,2003,44.58024475,0.964,0.3,147.3,76.02,3.077475118,6865.169649,20932.92705
Brazil,2004,46.36618392,0.82,0.32,178.79,79.23,2.92511945,7178.346435,36791.53271
Brazil,2005,47.79357058,1.157,0.42,134.79,78.76,2.434390036,7325.903304,23090.59387
Brazil,2006,47.80317567,0.836,0.41,142.13,81.67,2.175326667,7534.541136,24175.94788
Brazil,2007,51.04458425,0.989,0.43,181.09,86.32,1.947058333,7909.823815,37355.28873
Brazil,2008,57.70600992,0.73,0.35,167.96,90.79,1.833766667,8231.097403,42136.4116
Brazil,2009,61.055031,0.966,0.4,116.86,88.46,1.999428173,8142.759436,24655.44941
Brazil,2010,64.77700342,1.133,0.26,160.81,92.65,1.759226711,8673.897386,41318.90994
Brazil,2011,70.50730175,0.806,0.23,201.06,96.21,1.672828755,8935.276286,48216.70565
Brazil,2012,76.23897217,1.077,0.26,185.6,94.43,1.953068611,9025.312958,55185.26518
Brazil,2013,84.74411908,0.996,0.25,215.87,99.09,2.156089151,9216.131219,60519.79531
Brazil,2014,91.11484967,1.217,0.26,233.15,99.93,2.352951963,9183.45867,65836.61162
Brazil,2015,100.0393948,1.601,0.22,193.85,101.71,3.326904383,8783.214413,72370.09491
Brazil,2016,112.5307243,1.545,0.21,199.19,98.36,3.491313422,8426.842251,67906.59143
Brazil,2017,113.5273967,1.441,0.2,230.14,105.07,3.191389446,8470.939629,50359.96881
Brazil,2018,114.5154415,1.201,0.2,245.58,105.22,3.653825361,8553.864918,57987.56365
Brazil,2019,120.0663799,1.589,0.2,247.62,106.83,3.927341871,8592.210218,46831.52476
Brazil,2020,130.9306976,1.499,0.12,306.01,108.95,5.155178788,8255.567064,38486.81995
Brazil,2021,147.1418842,1.223,0.11,322.32,108.16,5.39440079,8621.730205,33084.97941
Brazil,2022,164.8263249,1.03,0.15,301.84,109.76,5.163970291,8831.126992,57099.39994
Brazil,2023,171.4910438,1.689,0.12,NA,120.38,4.994379763,8866.354949,60304.94469
Brazil,2024,178.1143892,2.081,NA,NA,NA,NA,NA,NA
Canada,2000,65.88730983,1.315,NA,55.26,90.85,1.48511,37917.21278,104341.8581
Canada,2001,69.080451,1.445,NA,56.04,81.35,1.548760833,38198.2313,44330.41381
Canada,2002,70.82753025,0.556,NA,60.18,76.19,1.569318333,38949.50818,35534.95008
Canada,2003,71.84862692,1.268,NA,61.89,85.41,1.401051667,39278.68365,10376.26782
Canada,2004,73.1235225,0.503,NA,57.61,92,1.301019167,40120.42746,-554.976172
Canada,2005,74.79977417,1.303,NA,65.47,93.47,1.211763333,41014.92728,28936.51909
Canada,2006,76.49963475,2.369,NA,50.1,89.57,1.134363333,41686.55274,61976.0223
Canada,2007,78.51231708,1.351,NA,72.87,87.27,1.074099167,42122.17553,110092.4381
Canada,2008,81.59921708,0.876,0.91,67.96,96.12,1.06704,42089.14598,55417.11911
Canada,2009,86.0672535,0.558,0.83,65.93,92.8,1.143100557,40401.09598,22412.45262
Canada,2010,86.88177025,2.934,0.87,73.48,90.49,1.030162783,41196.34423,24570.46905
Canada,2011,90.56480183,1.463,0.73,89.39,88.64,0.989530692,42046.59643,31932.84039
Canada,2012,92.69552992,2.161,0.63,95.87,89.98,0.99918831,42332.72226,34622.08245
Canada,2013,93.70482225,1.21,0.55,89.14,102.93,1.02979657,42859.35464,56434.99282
Canada,2014,96.05983767,0.304,0.63,94.49,95.74,1.106104944,43664.8889,50577.58753
Canada,2015,100.0025703,1.287,0.5,96.63,98.77,1.279097896,43549.85042,43835.96994
Canada,2016,101.0177648,2.432,0.58,91.96,105.49,1.325399636,43521.40713,37081.09019
Canada,2017,99.99666792,1.545,0.52,94.43,105.85,1.297736517,44303.61835,22352.38113
Canada,2018,100.8052823,0.531,0.57,103.65,105.17,1.295755074,44942.68552,36332.15066
Canada,2019,104.5119229,1.33,0.63,99.11,104.95,1.326854011,45196.58271,49159.44859
Canada,2020,107.0203979,1.16,0.45,120.07,106.72,1.341152672,42488.57063,25007.06605
Canada,2021,109.369511,2.534,0.83,116.96,89.65,1.253876902,44306.59698,51000.134
Canada,2022,120.0467613,1.286,0.67,108.88,103.9,1.301554775,45473.1262,37766.7309
Canada,2023,129.4609206,2.374,0.71,NA,98.6,1.349908641,45744.8975,42015.23411
Canada,2024,132.085474,3.366,NA,NA,NA,NA,NA,NA
Colombia,2000,41.84142208,0.041,NA,144.82,89.37,2087.903842,4008.513289,3859.682549
Colombia,2001,45.96100875,0.507,0.11,149.87,88.81,2299.633156,4012.060176,4163.717853
Colombia,2002,50.44919433,0.761,0.11,191.69,89.66,2504.241331,4049.881597,3591.622017
Colombia,2003,54.516806,0.809,0.11,202.29,91.05,2877.652458,4146.691912,3115.183359
Colombia,2004,57.98262092,0.657,0.12,219.71,92.36,2628.612903,4305.899096,4803.489391
Colombia,2005,61.67547767,0.834,0.12,206.12,92.46,2320.834177,4447.405926,13198.41181
Colombia,2006,65.11803842,0.693,0.12,236.81,94.99,2361.139408,4684.885103,8369.894595
Colombia,2007,70.59987858,0.774,0.14,221.41,96.7,2078.291837,4938.939283,9217.903711
Colombia,2008,79.35194267,0.499,0.14,213.74,98.13,1967.711309,5041.878748,9636.119887
Colombia,2009,82.18928958,0.98,0.13,196,90.53,2158.255903,5041.962558,7724.674675
Colombia,2010,82.35957267,1.142,0.16,251.05,88.14,1898.569636,5209.544008,5238.70502
Colombia,2011,86.12013067,0.591,0.11,271.55,89.31,1848.13947,5510.900488,10919.02837
Colombia,2012,89.06757642,0.785,0.22,268.36,92.31,1796.895912,5667.293728,10520.57553
Colombia,2013,89.4361755,0.965,0.16,260.98,97.06,1868.785327,5899.554495,11572.20841
Colombia,2014,92.09024667,0.974,0.18,303.76,97.7,2001.781048,6106.862095,12093.51063
Colombia,2015,100.0408273,1.411,0.16,284.24,100.85,2741.880855,6228.426299,11620.53265
Colombia,2016,113.1552532,1.295,0.13,288.07,101.45,3054.121673,6290.852117,14680.26732
Colombia,2017,113.9341704,0.989,0.12,311.36,97.94,2951.327402,6280.663838,13340.52107
Colombia,2018,114.8799539,1.229,0.12,258.47,101.12,2955.70397,6320.762084,10530.21964
Colombia,2019,120.4891753,1.55,0.09,232.84,102.6,3280.831631,6403.877096,13914.87818
Colombia,2020,127.1781597,1.613,0.09,261.33,100.95,3694.854072,5852.771502,8233.390215
Colombia,2021,139.5471862,1.099,0.09,255.78,99.71,3743.589819,6423.627511,9932.174024
Colombia,2022,174.3797876,0.95,0.09,203.5,101.82,4256.194167,6842.284982,17731.93053
Colombia,2023,200.1051294,1.567,0.08,NA,101.66,4325.955,6880.035379,17206.86883
Colombia,2024,206.3253279,2.033,NA,NA,NA,NA,NA,NA
Egypt,2000,20.515805,0.099,NA,382.79,97.13,3.47205,2410.287489,2221.072702
Egypt,2001,20.73356825,0.701,0.56,391.95,94.17,3.973,2444.439744,600.299781
Egypt,2002,21.6088085,0.832,0.38,389.6,99.32,4.499666667,2470.111179,871.794331
Egypt,2003,23.04102025,0.728,0.33,407.18,100.44,5.850875,2496.323094,924.929132
Egypt,2004,26.25600033,0.648,0.28,461.44,101.03,6.196241667,2546.211264,1154.165268
Egypt,2005,26.4797525,0.51,0.18,436.56,102.86,5.778833333,2607.831371,11735.89794
Egypt,2006,29.16041875,0.707,0.16,432.49,107.4,5.733166667,2732.597959,20537.25529
Egypt,2007,32.93384667,0.571,0.18,379.14,108.8,5.635433333,2869.722229,20669.52302
Egypt,2008,40.83996425,0.898,0.14,388.06,110.54,5.4325,3015.449405,14562.35568
Egypt,2009,47.43145667,0.884,0.16,377.66,108.47,5.544553309,3095.243475,9450.073606
Egypt,2010,56.801235,2.299,0.14,370.47,101.05,5.621942918,3189.232817,8278.929851
Egypt,2011,65.60027083,0.598,0.12,390.62,103.22,5.932827652,3174.648096,-591.476484
Egypt,2012,71.63736392,0.92,0.19,354.38,105.39,6.056058333,3172.750242,6312.621344
Egypt,2013,80.53009442,1.035,0.18,389.58,100.44,6.870325,3167.869485,4649.570485
Egypt,2014,90.43964092,1.242,0.15,388.7,102.07,7.077608561,3184.716861,4665.615175
Egypt,2015,100.092886,1.181,0.14,430.62,101.33,7.691258333,3251.455264,6925.2
Egypt,2016,116.7701574,1.373,0.13,423.97,96.6,10.02540079,3322.729533,9945.607553
Egypt,2017,161.8954287,0.587,0.12,435.76,97.08,17.78253352,3393.466629,13114.51541
Egypt,2018,183.4350019,2.053,0.12,422.49,91.34,17.76729042,3506.57586,11858.20805
Egypt,2019,196.4051197,1.013,0.11,414.25,93.32,16.77058184,3635.648087,10902.88291
Egypt,2020,196.0464749,1.008,0.11,420.43,94.96,15.75917292,3700.731213,6263.134629
Egypt,2021,205.008864,1.695,0.12,414.16,98.2,15.64452728,3960.740146,5204.821095
Egypt,2022,253.3838928,0.63,0.15,411.41,99.24,19.16043974,4155.943488,12847.12277
Egypt,2023,415.0245005,1.883,0.16,NA,98.79,30.6264137,4245.092326,14203.66359
Egypt,2024,545.1242871,2.058,NA,NA,NA,NA,NA,NA
France,2000,77.58666667,1.201,NA,191.34,113.09,1.085400833,34870.21086,41290.30309
France,2001,81.86666667,1.42,0.33,193.03,107.74,1.11751,35351.44121,24169.22642
France,2002,84.10083333,1.077,0.35,179.15,112.46,1.062551667,35537.28052,30376.99406
France,2003,86.0175,1.82,0.37,189.5,102.6,0.886034167,35616.56641,9079.798948
France,2004,86.43583333,0.996,0.43,180.02,110.57,0.805365,36392.78375,-2661.188196
France,2005,86.57166667,1.039,0.47,163.34,105.63,0.80412,36752.49781,33649.8938
France,2006,88.02083333,1.33,0.51,161.68,100.5,0.797140833,37399.84831,24887.39435
France,2007,89.29833333,1.423,0.46,177.96,98.84,0.7306375,38050.46636,55769.06132
France,2008,93.82083333,1.006,0.48,129.74,103.18,0.682674711,37905.4206,30136.04992
France,2009,93.89416667,1.223,0.56,102.73,103.88,0.71984336,36595.54296,25960.74413
France,2010,94.63083333,0.403,0.46,128.39,100.96,0.755044952,37099.07527,12177.12
France,2011,96.51083333,1.54,0.42,120.53,102.81,0.719355254,37712.8231,26179.71769
France,2012,99.29916667,1.228,0.23,137.18,99.16,0.778293601,37653.28229,14212.88566
France,2013,100.4408333,0.728,0.24,144.61,97.08,0.753159182,37712.57461,29127.08548
France,2014,99.59833333,2.07,0.24,143.77,102.8,0.753730737,37921.50762,2259.842142
France,2015,100,1.621,0.28,145.59,102.19,0.901658962,38210.57394,45364.47354
France,2016,100.5541667,1.797,0.27,139.29,95.01,0.904035128,38520.76619,23017.28858
France,2017,101.6475,1.792,0.27,151.65,100.71,0.885205508,39308.36601,24126.8078
France,2018,103.6475,2.032,0.25,145.79,96.25,0.846772667,39958.19166,38497.50708
France,2019,106.1858333,1.998,0.25,134.24,96.77,0.893276257,40617.54827,12557.10394
France,2020,108.3325,2.527,0.23,138.81,92.3,0.875506397,37508.03339,10377.02135
France,2021,108.9983333,1.309,0.25,132.81,95.05,0.845494139,39889.96142,26864.82726
France,2022,116.9308333,2.906,0.22,101.47,92.56,0.950915534,40808.9702,34603.1226
France,2023,131.3833333,2.623,0.21,NA,93.19,0.924839558,41012.56998,36831.23767
France,2024,133.1033333,2.422,NA,NA,NA,NA,NA,NA
India,2000,38.74011592,0.331,NA,98.17,76.38,44.941605,770.986447,3277.131484
India,2001,40.08946183,0.456,0.36,102.13,77.19,47.18641417,793.69446,5215.117289
India,2002,41.67764058,0.799,0.35,94.67,70.3,48.61031917,809.377132,2874.319728
India,2003,43.14010108,0.665,0.35,98.98,76.39,46.58328417,858.073474,2338.399061
India,2004,44.63825608,0.54,0.37,108.34,74.46,45.31646667,910.695753,3414.33226
India,2005,46.38532542,0.558,0.39,119.92,77.27,44.099975,967.213614,4554.661187
India,2006,48.86174333,0.635,0.45,127.71,80.32,45.30700833,1029.367159,11960.51313
India,2007,51.73007175,0.6,0.52,133.4,85.92,41.34853333,1092.093033,21302.85298
India,2008,55.70367342,0.263,0.62,143.04,85.88,43.50518333,1109.902689,23984.32333
India,2009,61.27483975,1.143,0.52,155.82,83.15,48.40526667,1180.622392,24671.63005
India,2010,68.03146542,1.134,0.5,166.11,90.6,45.72581212,1263.421503,14024.54406
India,2011,71.97082033,0.345,0.49,167.52,95.43,46.67046667,1311.65986,20684.87262
India,2012,78.63889725,0.48,0.48,150.8,96.18,53.43723333,1364.924037,17094.04951
India,2013,88.75530375,0.421,0.49,144.49,99.38,58.59784542,1433.369704,15499.0443
India,2014,95.04458717,0.517,0.46,150.96,100.71,61.02951446,1520.607159,24080.1489
India,2015,100.0407463,0.694,0.48,157.91,98.25,64.15194446,1622.808195,36068
India,2016,105.3830451,1.071,0.42,153.25,101.03,67.19518591,1736.096268,36845.70566
India,2017,107.296607,0.956,0.45,157.44,106,65.12156865,1832.767898,35338.42723
India,2018,109.0860809,0.876,0.47,162.2,109.06,68.39784018,1929.948742,37047.09333
India,2019,112.9915754,0.795,0.42,171.76,110.88,70.41996909,1984.216452,48066.06455
India,2020,122.8532759,0.508,0.35,193.61,113.14,74.09956688,1850.752258,57556.57425
India,2021,127.353085,0.732,0.39,177.6,117.63,73.91801282,2002.224579,52188.72464
India,2022,135.7779814,0.775,0.41,177.59,120.89,78.60449058,2132.620256,43064.04185
India,2023,144.99312,0.896,NA,NA,123.36,82.59927645,2240.125478,25461.43497
India,2024,153.729324,1.136,NA,NA,NA,NA,NA,NA
NewZealand,2000,69.51644708,0.242,NA,105.5,90.76,2.201149167,30322.58533,9600.759594
NewZealand,2001,73.90836633,0.547,NA,119.39,92.65,2.378750833,31206.31859,-561.103805
NewZealand,2002,76.49496383,0.396,0.26,104.51,91.29,2.162190833,32295.07372,3573.321929
NewZealand,2003,76.192978,0.214,0.25,135.34,93.73,1.722099146,33166.80707,-4430.690621
NewZealand,2004,76.41618533,-0.006,0.26,137.19,96.3,1.508681271,33733.57402,1934.810172
NewZealand,2005,77.30902333,0.403,0.31,141.41,93.38,1.420273457,34428.20368,1494.129039
NewZealand,2006,79.4426335,0.351,0.36,131.42,93.29,1.542055757,34892.39071,4845.975519
NewZealand,2007,82.57412575,0.202,0.29,123.56,94.74,1.360675229,35869.67497,3961.742487
NewZealand,2008,89.13908625,0.522,0.14,110.03,92.61,1.42272681,34946.88299,3492.400297
NewZealand,2009,95.2313735,0.018,0.12,87.45,93.32,1.600877295,35313.48791,877.417651
NewZealand,2010,95.8222205,0.556,0.1,91.13,92.38,1.387833828,35276.57316,-64.845889
NewZealand,2011,101.0938732,0.63,0.11,104.49,91.28,1.265810697,35924.36133,3963.951809
NewZealand,2012,100.5489957,0.073,0.12,98.59,95.21,1.234283655,36616.97507,3211.434899
NewZealand,2013,100.8247229,0.908,0.1,90.65,96.68,1.219407974,37039.93652,1608.205163
NewZealand,2014,100.5422784,0.436,0.14,97.53,100.97,1.205433333,37859.66704,2068.455409
NewZealand,2015,100.0077664,0.457,0.1,119.11,101.09,1.433975,38789.01648,-309.627749
NewZealand,2016,99.37072408,1.101,0.12,104.87,97.94,1.436525,39618.81634,2785.693699
NewZealand,2017,101.5964398,0.498,0.12,122.35,94.12,1.407408333,40668.30904,2269.446636
NewZealand,2018,101.4863335,1.029,0.15,119.7,95.97,1.445258333,41451.74485,1841.713872
NewZealand,2019,102.5795294,0.97,0.06,113.54,94.6,1.517875,41464.09249,4148.135918
NewZealand,2020,105.9456292,0.755,0.05,115.26,94.19,1.542058333,40633.03907,3870.188029
NewZealand,2021,107.9511325,0.816,0.05,102.16,93.36,1.4138,41882.78588,3492.641442
NewZealand,2022,117.2944186,1.15,0.04,105.7,90.31,1.577183333,42615.33191,7103.171884
NewZealand,2023,128.9263379,0.93,0.04,NA,90.36,1.628433333,42720.30312,3141.443956
NewZealand,2024,128.5527639,0.629,NA,NA,NA,NA,NA,NA
Nigeria,2000,17.19689892,0.591,NA,4.6,99.52,101.6973333,1467.151549,3399.014664
Nigeria,2001,22.112102,0.272,NA,5.32,96.67,111.23125,1513.314368,3294.197235
Nigeria,2002,25.18522167,0.792,NA,3.69,98.79,120.5781583,1699.090944,4709.227696
Nigeria,2003,26.79732233,0.859,0.04,5.13,100.23,129.22235,1775.467731,4891.793978
Nigeria,2004,30.67061608,0.816,0.12,3.8,103.66,132.888025,1888.121881,4027.119456
Nigeria,2005,37.65621158,1.238,0.15,6.15,106.32,131.2743333,1956.276673,7768.053231
Nigeria,2006,39.75899275,1.315,0.21,8.83,109.74,128.6516667,2019.627614,6046.802705
Nigeria,2007,40.6066765,0.947,0.21,3.7,100.12,125.8081083,2095.195765,6861.398596
Nigeria,2008,47.07225908,0.696,0.21,5.02,103.36,118.5460167,2176.907209,8118.611807
Nigeria,2009,53.99086733,1.388,0.17,3.88,90.32,148.9017417,2288.586073,10620.25838
Nigeria,2010,62.01197325,1.512,0.11,9.49,99.05,150.298025,2404.889153,6496.999492
Nigeria,2011,68.33451942,0.951,0.1,5.25,89.27,153.8616083,2463.496476,8856.008999
Nigeria,2012,75.97542508,0.614,0.1,7.14,94.92,157.4994258,2498.071865,6591.884763
Nigeria,2013,83.19889667,1.014,0.14,7.26,90.67,157.311225,2593.807126,4935.83606
Nigeria,2014,91.05886183,1.101,0.14,7.65,98.61,158.5526417,2685.943365,3978.012252
Nigeria,2015,100.0399205,1.26,0.1,6.79,98.6,192.4405244,2688.01051,3064.169
Nigeria,2016,114.8771373,1.228,0.1,9.13,102.79,253.4922519,2579.073337,4152.502942
Nigeria,2017,137.2166036,1.245,0.14,17.23,102.13,305.7901092,2534.974782,3149.962758
Nigeria,2018,156.8624406,1.152,0.14,15.93,104.82,306.0836882,2520.008239,918.998584
Nigeria,2019,178.3237757,1.26,0.14,10.91,100.6,306.9210309,2513.369326,2482.229769
Nigeria,2020,207.0027398,1.157,0.11,18.97,101,358.8107973,2408.759724,2784.283971
Nigeria,2021,249.0286456,1.647,0.12,14.85,102.96,408.6008333,2437.253662,3998.949198
Nigeria,2022,300.9962768,0.969,NA,6.02,103.21,425.9791581,2457.318527,1011.475611
Nigeria,2023,384.644834,1.599,NA,NA,100.99,NA,2477.080229,2834.81357
Nigeria,2024,512.8383841,1.559,NA,NA,NA,NA,NA,NA
SouthAfrica,2000,35.34614867,0.275,NA,46.93,86.19,6.939828333,4732.610519,1295.459943
SouthAfrica,2001,37.24631708,0.527,0.58,48.72,82.09,8.609180833,4817.534505,11397.41518
SouthAfrica,2002,43.72488208,0.513,0.53,53.52,85.88,10.54074667,4950.540755,2868.151795
SouthAfrica,2003,47.29478483,0.933,0.64,48.22,85.41,7.564749167,5049.65027,904.551515
SouthAfrica,2004,47.96848742,0.974,0.6,52.75,86.48,6.4596925,5230.489871,792.301708
SouthAfrica,2005,48.77846083,1.192,0.82,41.41,90.82,6.359328333,5454.709021,6152.367495
SouthAfrica,2006,51.68396725,0.461,0.86,54.54,86.93,6.771549167,5705.140282,289.411677
SouthAfrica,2007,56.85028525,0.878,0.86,53.38,88.27,7.045365,5950.32697,5839.573641
SouthAfrica,2008,65.74271675,0.734,0.72,49.2,97.93,8.261223333,6071.023681,8942.77075
SouthAfrica,2009,71.898222,0.76,0.67,48.64,95.41,8.473674158,5906.975152,6876.66223
SouthAfrica,2010,72.76215267,1.157,0.82,46.79,97.15,7.321221961,6014.348348,2713.018402
SouthAfrica,2011,77.92173792,0.474,0.8,52.5,95.2,7.261132132,6127.016232,2975.390315
SouthAfrica,2012,83.50128958,0.644,0.82,53.58,96.79,8.209968627,6190.996323,3452.959991
SouthAfrica,2013,88.21691058,0.797,0.81,58.73,100.55,9.655056069,6259.063958,6985.003369
SouthAfrica,2014,95.2723435,0.933,0.74,57.85,104.51,10.85265557,6248.28456,5180.682576
SouthAfrica,2015,100.0119627,1.367,0.63,54.53,100.7,12.75893088,6200.927055,1729.37699
SouthAfrica,2016,111.6630264,1.686,0.56,49.81,94.79,14.70961089,6181.755576,2409.21248
SouthAfrica,2017,119.2944131,1.189,0.54,63.36,103.71,13.33378146,6229.166032,1860.581035
SouthAfrica,2018,123.0501112,1.109,0.54,78.39,100.81,13.24091113,6249.085063,4820.887252
Sout Africa,2019,127.4177603,1.939,0.64,NA,NA,NA,NA,NA
SouthAfrica,2020,133.009311,1,0.49,82.01,103.95,16.45910539,5745.189188,3058.063541
SouthAfrica,2021,141.1206591,0.867,0.41,91.04,104.22,14.77867821,5955.599176,33858.93782
SouthAfrica,2022,154.2236058,1.09,0.4,79.58,103.56,16.35585348,6018.542395,8210.432719
SouthAfrica,2023,170.9142647,1.168,0.56,NA,101.7,18.45024418,5972.884139,5023.134844
SouthAfrica,2024,178.2896721,1.536,NA,NA,NA,NA,NA,NA
UK,2000,65.88333333,0.709,NA,230.23,105.75,0.660930833,38946.54178,163443.6629
UK,2001,68.35833333,0.617,1.14,254.01,97.31,0.694655,39787.27939,74986.66925
UK,2002,68.91666667,0.996,0.57,248.27,103.08,0.667223333,40320.34862,32205.48427
UK,2003,69.80833333,1.179,0.59,242.36,100.44,0.6124725,41383.99883,20159.0451
UK,2004,70.35833333,1.023,0.72,234.46,100.31,0.54618,42143.68799,58432.12721
UK,2005,71.425,1.113,1.03,224.05,100.4,0.549998333,43019.80209,179778.4843
UK,2006,73.14166667,1.239,0.92,197.22,99.07,0.543486667,43742.15355,153370.5001
UK,2007,76.44166667,1.327,0.84,195.88,96.36,0.499771667,44553.49681,161947.4317
UK,2008,83.44166667,0.825,0.56,197.49,99.77,0.54396625,44106.27663,83519.86843
UK,2009,88.00833333,0.937,0.53,164.92,96.79,0.641919263,41732.00746,82155.88647
UK,2010,91.01666667,-0.065,0.62,187.81,97.96,0.647179346,42315.01469,53006.45486
UK,2011,96.025,0.837,0.55,190.65,99.52,0.624140836,42443.62066,46663.74363
UK,2012,99.14166667,0.562,0.51,179.91,92.9,0.633046989,42733.04765,55847.03041
UK,2013,102.8416667,0.359,0.49,179.9,94.28,0.639660578,43165.0733,51502.87165
UK,2014,102.65,1.704,0.41,191.41,101.44,0.607729627,44220.48757,23057.36352
UK,2015,100,0.594,0.46,194.78,101.32,0.654545479,44889.83811,38666.25923
UK,2016,97.625,1.149,0.49,191.22,97.23,0.740634464,45451.96776,287610.7847
UK,2017,99.825,1.412,0.48,191.88,100.7,0.777002598,46369.46549,110159.676
UK,2018,101.9,0.988,0.48,189.76,97.56,0.749581638,46759.79706,95061.20397
UK,2019,103.3,1.222,0.47,189.32,101.7,0.78344511,47281.39516,59692.8676
UK,2020,104.0416667,1.369,0.72,180.15,95.31,0.779999577,42205.60815,46775.34573
UK,2021,104.35,0.927,0.77,186.66,97.15,0.727064945,45715.85864,-69685.43031
UK,2022,115.7583333,1.911,0.73,151.38,97.91,0.811301716,47541.89074,15493.18169
UK,2023,132.625,1.477,0.74,NA,93.95,0.804538907,47263.03152,-85842.28709
UK,2024,135.7444444,1.492,NA,NA,NA,NA,NA,NA
USA,2000,69.28893958,1.005,NA,92.56,96.86,1,48585.61413,420286.3589
USA,2001,71.55202158,0.792,1.09,93.86,94.8,1,48521.47,208729.9717
USA,2002,72.48064475,0.954,0.82,95.1,92,1,48851.56345,95966.49137
USA,2003,74.03866817,0.991,0.76,104.37,94.19,1,49741.51691,67173.25559
USA,2004,76.84172958,0.866,0.54,98.95,99.24,1,51159.08102,167187.7461
USA,2005,78.32408233,1.155,0.84,94.82,95.83,1,52424.78719,125043.6195
USA,2006,79.70326133,1.029,0.72,101.95,93.27,1,53360.49035,274543.8786
USA,2007,83.05799,1.143,0.52,101.98,97.33,1,53895.64983,243439.0339
USA,2008,88.37390267,0.211,0.5,83.16,97.07,1,53440.50255,338862
USA,2009,88.78593767,0.401,0.5,99.07,97.93,1,51575.81179,157824.3967
USA,2010,89.07979467,0.701,0.51,102.92,96.93,1,52518.27398,215076.009
USA,2011,93.3576445,0.541,0.36,106.38,95.14,1,52874.54236,244543.2298
USA,2012,95.65773567,1.458,0.38,114.26,93.95,1,53606.65419,207858.1329
USA,2013,96.52256025,0.616,0.32,114.99,97.26,1,54275.04905,206802.2632
USA,2014,98.84644233,0.509,0.34,108.22,99.23,1,55185.29025,203605.4787
USA,2015,100.0006827,1.533,0.4,109.2,96.86,1,56360.32576,467625
USA,2016,98.67532467,2.216,0.46,108.28,103.91,1,56929.51445,455095.1784
USA,2017,98.47582125,1.421,0.43,108.29,100.66,1,57872.04115,300664.2862
USA,2018,98.9244425,1.267,0.49,110.17,100.72,1,59167.43966,193349.7585
USA,2019,99.8000535,1.023,0.68,109.87,96.95,1,60231.88332,226915.2181
USA,2020,103.2980755,1.315,0.89,113.72,98.86,1,58614.27394,88536.06939
USA,2021,106.8816565,1.155,0.48,110.05,100.86,1,61819.71181,346247.5742
USA,2022,119.1077263,1.202,0.37,107.64,96.34,1,62775.38428,284703.9029
USA,2023,124.9967321,1.199,0.33,NA,98.87,1,63445.26442,247479.1854
USA,2024,126.2207436,1.95,NA,NA,NA,NA,NA,NA
Germany,2000,75.72471308,1.768,NA,187.73,94.02,1.085400833,34755.1535,289212.9647
Germany,2001,79.09752317,1.296,0.63,178.65,94.31,1.11751,35355.63856,39157.32935
Germany,2002,79.76614042,1.493,0.72,177.77,89.98,1.062551667,35316.46573,74417.21679
Germany,2003,79.64727575,1.259,0.69,177.13,86.06,0.886034167,35110.86156,37037.81933
Germany,2004,79.37982833,0.998,0.65,173.71,95.63,0.805365,35558.47477,-10480.8062
Germany,2005,79.42440258,1.024,0.67,168.3,92.18,0.80412,35842.69813,48525.19952
Germany,2006,81.03651825,1.256,0.7,157.01,90.53,0.797140833,37226.35983,56182.3855
Germany,2007,84.112157,2.091,0.71,179.32,92.68,0.7306375,38331.54643,72959.79413
Germany,2008,89.22336975,1.543,0.58,127.73,97.54,0.682674711,38683.44804,6830.124521
Germany,2009,88.05700442,1.28,0.61,146.17,99.68,0.71984336,36461.51183,19585.55675
Germany,2010,89.15651075,0.196,0.59,170.66,95.99,0.755044952,37955.44501,59637.77645
Germany,2011,91.61554083,1.121,0.56,154.3,96.62,0.719355254,39397.65409,83144.87782
Germany,2012,94.7357585,1.35,0.55,160.6,97.48,0.778293601,39503.25225,59122.31977
Germany,2013,98.39087108,0.584,0.47,164.33,98.29,0.753159182,39610.52655,11098.32123
Germany,2014,99.40865425,2.519,0.54,175.62,103.83,0.753730737,40397.58737,-2562.002938
Germany,2015,100.0012324,1.675,0.64,163.11,99.24,0.901658962,40893.18609,30569.17785
Germany,2016,100.8095779,1.989,0.62,158.87,96.93,0.904035128,41674.00041,12493.85136
Germany,2017,103.5929435,1.652,0.52,143.51,96.27,0.885205508,42639.24133,31748.78449
Germany,2018,105.9596415,2.393,0.66,134.37,90.31,0.846772667,42916.18385,55563.2192
Germany,2019,107.2346571,2.328,0.53,140.79,92.6,0.893276257,43246.55835,48710.46719
Germany,2020,109.5299372,2.512,0.45,131.92,93.55,0.875506397,41501.34725,50701.54489
Germany,2021,112.9162376,1.321,0.47,104.59,92.54,0.845494139,42773.5332,38747.58138
Germany,2022,127.1003645,2.593,0.36,93.88,90.46,0.950915534,43566.33229,9847.434282
Germany,2023,142.6627429,2.458,0.59,NA,89.92,0.924839558,43558.13987,29820.79895
Germany,2024,144.8837669,2.998,NA,NA,NA,NA,NA,NA
Indonesia,2000,27.47061233,0.234,NA,74.56,75.47,8421.775,1845.227801,36004.57356
Indonesia,2001,29.78621258,0.47,0.1,76.82,76.18,10260.85,1885.679751,36445.49684
Indonesia,2002,33.01067342,0.594,0.17,71.24,79.46,9311.191667,1943.644928,20518.58243
Indonesia,2003,33.36866917,0.621,0.22,82.67,83.75,8577.133333,2009.489784,25646.13202
Indonesia,2004,35.33455367,0.574,0.2,90.81,86.91,8938.85,2083.882509,3262.702733
Indonesia,2005,38.97412308,0.709,0.11,92.19,87.84,9704.741667,2174.915222,13629.6851
Indonesia,2006,44.76209192,0.388,0.16,91.96,90.72,9159.316667,2264.935733,6646.302463
Indonesia,2007,49.66355417,0.43,0.12,105.22,89.88,9141,2377.254993,8405.236854
Indonesia,2008,58.087874,0.226,0.07,109.54,93.37,9698.9625,2487.611297,10152.81284
Indonesia,2009,62.143799,0.532,0.06,110.08,94.99,10389.9375,2569.874213,5256.82803
Indonesia,2010,67.99922783,0.742,0.06,110.01,95.88,9090.433333,2695.86817,11996.37665
Indonesia,2011,73.80996283,0.306,0.15,116.74,96.52,8770.433333,2826.480441,15049.06104
Indonesia,2012,78.13159108,0.432,0.1,144.97,101.52,9386.629167,2959.514478,15441.35026
Indonesia,2013,87.3687765,0.76,0.17,134.03,100.74,10461.24,3086.323117,16118.82822
Indonesia,2014,93.32558108,0.75,0.16,146.38,99.9,11865.2113,3203.484287,20096.88727
Indonesia,2015,100.0214585,0.771,0.23,148.81,101.57,13389.41294,3322.581679,16642.15
Indonesia,2016,107.2616526,1.41,0.12,143.15,98.54,13308.3268,3453.04943,3804.155931
Indonesia,2017,109.3060958,0.957,0.38,151.9,109.48,13380.83388,3591.780029,19250.04394
Indonesia,2018,113.7726185,0.879,0.28,155.38,112.21,14236.93877,3741.305267,19713.26879
Indonesia,2019,115.4133819,1.045,0.26,121.19,110.43,14147.67136,3892.421662,22394.2719
Indonesia,2020,121.0304408,1.233,0.2,133.23,111.27,14582.20347,3780.121635,18039.75948
Indonesia,2021,124.4621805,1.02,0.18,150.83,115.29,14308.1439,3892.962372,18979.79671
Indonesia,2022,131.9039363,0.969,0.2,121.88,116.64,14849.85394,4073.610494,21601.6415
Indonesia,2023,138.3408179,1.101,0.2,NA,115.76,15236.88466,4244.021231,18595.23284
Indonesia,2024,144.7032653,1.472,NA,NA,NA,NA,NA,NA
